strain,num_nonselective_plates,num_selective_plates,selective_fraction,avg_cells_per_culture,mu,CI.95.lower,CI.95.higher
Rep 12,3,57,1,12355555.555555556,5.912072030496497e-9,1.8357435489173153e-9,1.3729441654955136e-8
Rep 13,3,57,1,13077777.777777765,1.370825196691471e-9,7.82192875075686e-11,6.035367003229789e-9
Rep 14,3,57,1,15722222.222222198,4.553065325112466e-9,1.4135029038976658e-9,1.0577052094580923e-8
Rep 15,3,57,1,8911111.11111111,8.195131023554713e-9,2.544993641861818e-9,1.902654274105223e-8
Rep 16,2,57,1,19200000,9.137426900584795e-10,5.213719153689546e-11,4.023227433132303e-9
Rep 17,3,57,1,21566666.666666664,1.6480641586199293e-9,2.7407834796931155e-10,5.087222906880468e-9
Rep 18,3,57,1,15911111.111111099,4.4662604761065096e-9,1.386863998835292e-9,1.0371249388575505e-8
Rep 19,3,57,1,19288888.888888866,5.786815675882155e-9,2.301483345901129e-9,1.17140706275632e-8
