strain,num_nonselective_plates,num_selective_plates,selective_fraction,avg_cells_per_culture,mu,CI.95.lower,CI.95.higher
Rep 1,16,56,1,15262499.999999998,3.914157372162262e-7,3.246360573097681e-7,4.6331125976775463e-7
Rep 2,16,51,1,12650000,3.0888430750754347e-7,2.4880105436725376e-7,3.7494691410479225e-7
Rep 3,16,51,1,9600000,3.857502168920248e-7,3.097427977127884e-7,4.6991868477363575e-7
